Name,Title,URL,comment
CaseyNeistat,DO HARD THINGS,https://www.youtube.com/watch?v=StMltAX0mp0,Casey on a Thursday like itâ€™s 2015 ğŸ‘ğŸ½ğŸ‘ğŸ½ hell yeah
CaseyNeistat,DO HARD THINGS,https://www.youtube.com/watch?v=StMltAX0mp0,Casey drawing life advice on construction paper gives me such 2016 daily vlog nostalgia
CaseyNeistat,DO HARD THINGS,https://www.youtube.com/watch?v=StMltAX0mp0,literally got the CHILLS when the &quot;great things&quot; mirror reflected the hard path. No one will ever beat Caseys creativity for storytelling. Take a bow brother
CaseyNeistat,DO HARD THINGS,https://www.youtube.com/watch?v=StMltAX0mp0,Seeing Candaceâ€™s reaction just made me fully start crying. YAYYY!!!!!!!!!
CaseyNeistat,DO HARD THINGS,https://www.youtube.com/watch?v=StMltAX0mp0,Got to admit.. it made me shed a tear at the end with Candiceâ€™s reaction.
CaseyNeistat,DO HARD THINGS,https://www.youtube.com/watch?v=StMltAX0mp0,"Roberto is the true hero here, ran over by the shopping cart granny and still finishes at a great time ğŸ˜‚"
CaseyNeistat,DO HARD THINGS,https://www.youtube.com/watch?v=StMltAX0mp0,"Iâ€™ve been following you since 2015, back when I was in high school, watching your videos to improve my English from the other side of the world. Now I&#39;m a grad student in New York, and I had the chance to cheer you on at the marathon! You probably have no idea how much those five seconds when you passed by meant to me. I guess I just wanted to say thank you for all the years of inspiration and huge congrats for achieving your dream!"
CaseyNeistat,DO HARD THINGS,https://www.youtube.com/watch?v=StMltAX0mp0,Having your spouse be that proud of you makes you feel like you can move mountains. Excellent story Casey!
CaseyNeistat,DO HARD THINGS,https://www.youtube.com/watch?v=StMltAX0mp0,You actually inspired me to run my own marathon over 5 years ago. I havenâ€™t run another since because my hard thing was going from not running at all to running 26.2 miles before I turned 30. It took me a year and a half to even attempt a race but I managed to finish one 2 months before my 30th birthday. Goal achieved. Sometimes someoneâ€™s hard thing also makes others want to pursue their own so donâ€™t discount that reaction per Newtonâ€™s 3rd law. Keep inspiring man. And congrats on your sub 3. Finally.
CaseyNeistat,DO HARD THINGS,https://www.youtube.com/watch?v=StMltAX0mp0,"The story is so perfect; Roberto crashing out. Textbook setup, conflict, resoloution. Loved it"
Lady Gaga,I think we should eat ğŸ½ï¸,https://www.youtube.com/watch?v=lW5Hnuqw3Yg,Dinner is SERVED ğŸ¥°
Lady Gaga,I think we should eat ğŸ½ï¸,https://www.youtube.com/watch?v=lW5Hnuqw3Yg,"She has fed us, and will continue doing so. You go, Gaga!"
Lady Gaga,I think we should eat ğŸ½ï¸,https://www.youtube.com/watch?v=lW5Hnuqw3Yg,She is the Queen  of music ğŸ˜ğŸ’‹
Lady Gaga,I think we should eat ğŸ½ï¸,https://www.youtube.com/watch?v=lW5Hnuqw3Yg,She feels like a friend and it&#39;s refreshing â¤
Lady Gaga,I think we should eat ğŸ½ï¸,https://www.youtube.com/watch?v=lW5Hnuqw3Yg,"I can&#39;t wait for this album, it&#39;s going to be a whole ass mood"
Lady Gaga,I think we should eat ğŸ½ï¸,https://www.youtube.com/watch?v=lW5Hnuqw3Yg,Mother has never looked so beautiful! â¤
Lady Gaga,I think we should eat ğŸ½ï¸,https://www.youtube.com/watch?v=lW5Hnuqw3Yg,"She didn&#39;t just eat. she devoured, baby ğŸ’…ğŸ¼ğŸ’…ğŸ¼ğŸ’…ğŸ¼"
Lady Gaga,I think we should eat ğŸ½ï¸,https://www.youtube.com/watch?v=lW5Hnuqw3Yg,Beautiful Queen of Pop â¤ğŸ‰
Lady Gaga,I think we should eat ğŸ½ï¸,https://www.youtube.com/watch?v=lW5Hnuqw3Yg,I love your new look â¤ï¸ you look stunningly beautiful with dark hair
Lady Gaga,I think we should eat ğŸ½ï¸,https://www.youtube.com/watch?v=lW5Hnuqw3Yg,"YAASSSSS GAGA, could this human be any more amazing? â¤â¤âœ¨ğŸ’–ğŸ”¥ğŸ”¥"
Billie Eilish,BIRDS OF A FEATHER live from Saturday Night Live,https://www.youtube.com/watch?v=-enrM2w8fvA,Nice outfit!â¤
Billie Eilish,BIRDS OF A FEATHER live from Saturday Night Live,https://www.youtube.com/watch?v=-enrM2w8fvA,WOOOHOOO BILLIE THIS IS AMAZING
Billie Eilish,BIRDS OF A FEATHER live from Saturday Night Live,https://www.youtube.com/watch?v=-enrM2w8fvA,THE BEST
Billie Eilish,BIRDS OF A FEATHER live from Saturday Night Live,https://www.youtube.com/watch?v=-enrM2w8fvA,â¤
Billie Eilish,BIRDS OF A FEATHER live from Saturday Night Live,https://www.youtube.com/watch?v=-enrM2w8fvA,I love youâ¤
Kai Cenat Live,Mafiathon 2: Day 16 Recap!,https://www.youtube.com/watch?v=DQXn9wNeYZo,bro it was so funny when bill nye just enters the room and they start screaming each other&#39;s names ğŸ¤£
Kai Cenat Live,Mafiathon 2: Day 16 Recap!,https://www.youtube.com/watch?v=DQXn9wNeYZo,At this point Kai is just living in a whole movie ğŸ˜‚
Kai Cenat Live,Mafiathon 2: Day 16 Recap!,https://www.youtube.com/watch?v=DQXn9wNeYZo,Bro got a snow bunny living in his jungle-bathroomâ€¦â€¦.. Life ainâ€™t fair ğŸ˜‚ğŸ’€ğŸ¤£
Kai Cenat Live,Mafiathon 2: Day 16 Recap!,https://www.youtube.com/watch?v=DQXn9wNeYZo,"<a href=""https://www.youtube.com/watch?v=DQXn9wNeYZo&amp;t=1990"">33:10</a> herb speech got me tear up"
Kai Cenat Live,Mafiathon 2: Day 16 Recap!,https://www.youtube.com/watch?v=DQXn9wNeYZo,"<a href=""https://www.youtube.com/watch?v=DQXn9wNeYZo&amp;t=1266"">21:06</a> wtf is that doing there ğŸ˜‚"
Kai Cenat Live,Mafiathon 2: Day 16 Recap!,https://www.youtube.com/watch?v=DQXn9wNeYZo,"W Herbo, dad of the year"
Kai Cenat Live,Mafiathon 2: Day 16 Recap!,https://www.youtube.com/watch?v=DQXn9wNeYZo,basically television at this point
Kai Cenat Live,Mafiathon 2: Day 16 Recap!,https://www.youtube.com/watch?v=DQXn9wNeYZo,Herb really showed a father moment with his son. Never give uo
Kai Cenat Live,Mafiathon 2: Day 16 Recap!,https://www.youtube.com/watch?v=DQXn9wNeYZo,I know this is the Mafiathon...but why is it kind of wholesome with all the family moments. Even Kai taking care of RaKaiâ¤ Mama Cenat telling me to keep going as a single Mom. Its real.
Kai Cenat Live,Mafiathon 2: Day 16 Recap!,https://www.youtube.com/watch?v=DQXn9wNeYZo,i love the motivational speeches on this one for sure ! good job ğŸ™ğŸ½ğŸ«¶ğŸ½âœ¨ğŸ’
PowerfulJRE,Joe Rogan Experience #2230 - Evan Hafer,https://www.youtube.com/watch?v=hCepzIrkbDE,We deserve to hear from Alex Jones. Itâ€™s way overdue and now itâ€™s the peefect time.
PowerfulJRE,Joe Rogan Experience #2230 - Evan Hafer,https://www.youtube.com/watch?v=hCepzIrkbDE,"I worked in Afghanistan from 2011-2019...everything he is saying here is not only true, it is an extremely sanitized version...people truly have no idea of the darkness"
PowerfulJRE,Joe Rogan Experience #2230 - Evan Hafer,https://www.youtube.com/watch?v=hCepzIrkbDE,"A friend of mine from almost 20 years ago came back from Afghanistan (he was a marine and served in Iraq and Afghanistan) and told me about all of the pedophilia that was going on over there and he said that everyone was told not to intervene on what they saw, no matter how awful it was. Some marines and soldiers broke that rule and were disciplined for protecting young kids from being SA&#39;d. It is absolutely mind-blowing what is being done to those who these politicians say protect our freedoms. It is sinister and deranged. My friend is no longer with us and he did not die in combat... I will leave it at that."
PowerfulJRE,Joe Rogan Experience #2230 - Evan Hafer,https://www.youtube.com/watch?v=hCepzIrkbDE,I love how the top comment on every vid for the past few weeks has just been people begging for Alex Jones
PowerfulJRE,Joe Rogan Experience #2230 - Evan Hafer,https://www.youtube.com/watch?v=hCepzIrkbDE,"I am a vet and I currently work as a trauma therapist for combat veterans. I hear heartbreaking stories like this all day long. Itâ€™s a huge issue in our country. <br><br>PSA if you live in San Antonio TX area and you are a combat veteran or active duty struggling with PTSD, go to Mission Resiliency Program at Laural Ridge Treatment Center. We work with Vets and active duty soldiers to help heal the wounds of PTSD."
PowerfulJRE,Joe Rogan Experience #2230 - Evan Hafer,https://www.youtube.com/watch?v=hCepzIrkbDE,"This is possibly my favourite Rogan conversation. Entertaining, informative, thought provoking. <br>Nice one gentlemen!"
PowerfulJRE,Joe Rogan Experience #2230 - Evan Hafer,https://www.youtube.com/watch?v=hCepzIrkbDE,Bring on Alex Jones! Itâ€™s time.
PowerfulJRE,Joe Rogan Experience #2230 - Evan Hafer,https://www.youtube.com/watch?v=hCepzIrkbDE,somewhere around 25 minutes in you can hear Evan&#39;s voice start to crack.  you can tell his heart was broken.  appreciate your candor bro.   god bless
PowerfulJRE,Joe Rogan Experience #2230 - Evan Hafer,https://www.youtube.com/watch?v=hCepzIrkbDE,I watched this instead of the Tyson fight.  I regret nothing.
PowerfulJRE,Joe Rogan Experience #2230 - Evan Hafer,https://www.youtube.com/watch?v=hCepzIrkbDE,I NEED 4 HOURS OF THE PROTECT OUR PARK BOYS FT ALEX JONES AND TIM DILLON
MrBeast,This Game Is Wild...,https://www.youtube.com/watch?v=I9mw5UlDyPI,That last hit lol
MrBeast,This Game Is Wild...,https://www.youtube.com/watch?v=I9mw5UlDyPI,Never thought this group of people would collab
MrBeast,This Game Is Wild...,https://www.youtube.com/watch?v=I9mw5UlDyPI,I thought speed was gonna bark when he got Mrbeast ğŸ˜‚
MrBeast,This Game Is Wild...,https://www.youtube.com/watch?v=I9mw5UlDyPI,Rare footage of Speed not screaming or barking ğŸ™‚
MrBeast,This Game Is Wild...,https://www.youtube.com/watch?v=I9mw5UlDyPI,"Speed,fanum,lexi,mr beast and Logan in the same video is crazy"
MrBeast,This Game Is Wild...,https://www.youtube.com/watch?v=I9mw5UlDyPI,5x subhanallah<br>3x Alhamdulillah<br>Ø³Ø¨Ø­Ø§Ù† Ø§Ù„Ù„Ù‘Ù°Û ÙˆØ¨Ø­Ù…Ø¯Û Ø³Ø¨Ø­Ø§Ù† Ø§Ù„Ù„Ù‘Ù°Û Ø§Ù„Ø¹Ø¸ÛŒÙ… 3x<br>3x Lailaha ilallah<br>3x Allahu Akbar type doneğŸ‘ <br>Copy and paste it good deeds 4 both of us. May Allah grant us all jannah â¤ï¸
MrBeast,This Game Is Wild...,https://www.youtube.com/watch?v=I9mw5UlDyPI,Bro this collab is crazy ğŸ˜­
MrBeast,This Game Is Wild...,https://www.youtube.com/watch?v=I9mw5UlDyPI,Logan didn&#39;t chill with that ğŸ˜‚
MrBeast,This Game Is Wild...,https://www.youtube.com/watch?v=I9mw5UlDyPI,I like my table drippy bruhğŸ—£ğŸ—£ğŸ”¥ğŸ”¥ğŸ”¥ğŸ”¥
MrBeast,This Game Is Wild...,https://www.youtube.com/watch?v=I9mw5UlDyPI,"MrBeast, Speed, Logan and xQc. I was not expecting them in 1 video"
Taylor Swift,Back in the officeâ€¦ ğŸ˜ #MiamiTSTheErasTour,https://www.youtube.com/watch?v=g_meC49cN5k,Welcome back <br>We missed you ğŸ˜¢ğŸ˜¢ğŸ©·ğŸ©·
Taylor Swift,Back in the officeâ€¦ ğŸ˜ #MiamiTSTheErasTour,https://www.youtube.com/watch?v=g_meC49cN5k,Mother is mothering âœ¨ï¸ğŸ’œğŸ‘‘
Taylor Swift,Back in the officeâ€¦ ğŸ˜ #MiamiTSTheErasTour,https://www.youtube.com/watch?v=g_meC49cN5k,So adorable.  She&#39;s the cutest crazy cat lady in the world.
Taylor Swift,Back in the officeâ€¦ ğŸ˜ #MiamiTSTheErasTour,https://www.youtube.com/watch?v=g_meC49cN5k,Your the best! We love you Tay!!!!ğŸ«¶
Taylor Swift,Back in the officeâ€¦ ğŸ˜ #MiamiTSTheErasTour,https://www.youtube.com/watch?v=g_meC49cN5k,This made me smile so much!!! Love seeing Taylor so happy ğŸ«¶ğŸ«¶ğŸ«¶
Taylor Swift,Back in the officeâ€¦ ğŸ˜ #MiamiTSTheErasTour,https://www.youtube.com/watch?v=g_meC49cN5k,The iconic duo is back!!!! Taylor and Olivia! I will def be watching the livestream tonight!!!! I would do so much to go experience the real thing ğŸ«¶ğŸ¼ğŸ«¶ğŸ¼ğŸ«¶ğŸ¼ğŸ«¶ğŸ¼ğŸ«¶ğŸ¼
Taylor Swift,Back in the officeâ€¦ ğŸ˜ #MiamiTSTheErasTour,https://www.youtube.com/watch?v=g_meC49cN5k,Only 2 months left... I sadly wasn&#39;t able to go to the eras tour but maybe I will go to another one of her tours someday! Love you Tay Tay! â¤
Taylor Swift,Back in the officeâ€¦ ğŸ˜ #MiamiTSTheErasTour,https://www.youtube.com/watch?v=g_meC49cN5k,Yayyyy!!!! Im one of the biggest Swifties In the world  i love you Taylor so glad your back â¤â¤â¤â¤
Taylor Swift,Back in the officeâ€¦ ğŸ˜ #MiamiTSTheErasTour,https://www.youtube.com/watch?v=g_meC49cN5k,Tay is in her â€œit girlâ€ era and Iâ€™m here for it! ğŸ™ŒğŸ™ŒğŸ™Œ
Taylor Swift,Back in the officeâ€¦ ğŸ˜ #MiamiTSTheErasTour,https://www.youtube.com/watch?v=g_meC49cN5k,We missed you Tay Welcome back to the eras tour!
Selena Gomez,Selena Gomez - Mi Camino from â€œEmilia PÃ©rezâ€ (Official Performance Clip),https://www.youtube.com/watch?v=AZfJ1lwv8Zs,"this song gives me chills, Selena please know how much your music means to Selenators like myself. Selena donâ€™t give up on music please, to the haters that critique her voice we are aware that she isnâ€™t an outstanding vocalist like the greats but that doesnâ€™t mean she canâ€™t make an amazing song with the cadence and emotion she puts into her music."
Selena Gomez,Selena Gomez - Mi Camino from â€œEmilia PÃ©rezâ€ (Official Performance Clip),https://www.youtube.com/watch?v=AZfJ1lwv8Zs,"Her voice is like a therapy, you&#39;re an amazing artist Selena, proud of you â¤â¤â¤"
Selena Gomez,Selena Gomez - Mi Camino from â€œEmilia PÃ©rezâ€ (Official Performance Clip),https://www.youtube.com/watch?v=AZfJ1lwv8Zs,"Siempre dicen que Selena no canta, pero que diablos!! esta mujer tiene una voz Ãºnica, suave y parsimonia que te atrapa, soy fan de sus canciones, sÃ© que hay un trabajo de por medio, pero ese timbre de voz no lo tiene nadie y quiero que siga sacando mÃ¡s mÃºsica por favor. Te amamos SelğŸ’œ"
Selena Gomez,Selena Gomez - Mi Camino from â€œEmilia PÃ©rezâ€ (Official Performance Clip),https://www.youtube.com/watch?v=AZfJ1lwv8Zs,can&#39;t wait to finally watch EMILIA PÃ‰REZ in cinemas NOW!
Selena Gomez,Selena Gomez - Mi Camino from â€œEmilia PÃ©rezâ€ (Official Performance Clip),https://www.youtube.com/watch?v=AZfJ1lwv8Zs,"la voz de Selena es unica e inconfundible, siempre podrÃ¡s distinguir su voz de las demÃ¡s"
Selena Gomez,Selena Gomez - Mi Camino from â€œEmilia PÃ©rezâ€ (Official Performance Clip),https://www.youtube.com/watch?v=AZfJ1lwv8Zs,The Queen is Back! ğŸ‘‘
Selena Gomez,Selena Gomez - Mi Camino from â€œEmilia PÃ©rezâ€ (Official Performance Clip),https://www.youtube.com/watch?v=AZfJ1lwv8Zs,"Escucharla cantando asÃ­ de feliz.. Y con una letra que apodera el amor propio.. La amo, es tan autÃ©ntica. Estoy muy orgullosa de ser Selenator. â¤ğŸ«‚"
Selena Gomez,Selena Gomez - Mi Camino from â€œEmilia PÃ©rezâ€ (Official Performance Clip),https://www.youtube.com/watch?v=AZfJ1lwv8Zs,"I never knew how much I needed Selena Gomez having a laugh and singing karaoke to her own new song but here we are... I LOVE this, she sounds amazing and yet unserious and I am so here for it"
Selena Gomez,Selena Gomez - Mi Camino from â€œEmilia PÃ©rezâ€ (Official Performance Clip),https://www.youtube.com/watch?v=AZfJ1lwv8Zs,So proud of you Selena!!! Ame esta canciÃ³n!! â¤
Selena Gomez,Selena Gomez - Mi Camino from â€œEmilia PÃ©rezâ€ (Official Performance Clip),https://www.youtube.com/watch?v=AZfJ1lwv8Zs,i love her voice
Cardi B,PUNTERIA ğŸ¹ Shakira featuring ME is OUT NOW!!!,https://www.youtube.com/watch?v=45Qh6UXL79c,"Cardi is so versatile,  open to working with different artists, leaves no crumbs when it comes to her craft &amp; new ventures. Say what u will, but Cardi is THE IT GIRL &amp; will be for a while â¤"
Cardi B,PUNTERIA ğŸ¹ Shakira featuring ME is OUT NOW!!!,https://www.youtube.com/watch?v=45Qh6UXL79c,That braided dress is everything
Cardi B,PUNTERIA ğŸ¹ Shakira featuring ME is OUT NOW!!!,https://www.youtube.com/watch?v=45Qh6UXL79c,Her voice sounds so pretty!
Cardi B,PUNTERIA ğŸ¹ Shakira featuring ME is OUT NOW!!!,https://www.youtube.com/watch?v=45Qh6UXL79c,Beautiful...<br>Love all the different styles
Cardi B,PUNTERIA ğŸ¹ Shakira featuring ME is OUT NOW!!!,https://www.youtube.com/watch?v=45Qh6UXL79c,Obsessed with this song!â¤you and shakira did amazing job!â¤
Cardi B,PUNTERIA ğŸ¹ Shakira featuring ME is OUT NOW!!!,https://www.youtube.com/watch?v=45Qh6UXL79c,"And i dare someone say &quot;i wore that dress first&quot; <br>You are original Cardi, and your haters can&#39;t take it. They&#39;ll be alright, you just keep doing what you do ğŸ’¯â¤ï¸"
Cardi B,PUNTERIA ğŸ¹ Shakira featuring ME is OUT NOW!!!,https://www.youtube.com/watch?v=45Qh6UXL79c,that dress is bomb!!!! Yesss yall killed it!!
Cardi B,PUNTERIA ğŸ¹ Shakira featuring ME is OUT NOW!!!,https://www.youtube.com/watch?v=45Qh6UXL79c,Cardi is in her Dominican era ğŸ˜ğŸ˜ğŸ˜
Cardi B,PUNTERIA ğŸ¹ Shakira featuring ME is OUT NOW!!!,https://www.youtube.com/watch?v=45Qh6UXL79c,"Omg Cardi, you took it up a whole nother level. I love itğŸ”¥ğŸ”¥ğŸ”¥ğŸ”¥ğŸ”¥ğŸ’ğŸ’ğŸ’ğŸ’ğŸŒºğŸŒºğŸŒºğŸŒº"
Cardi B,PUNTERIA ğŸ¹ Shakira featuring ME is OUT NOW!!!,https://www.youtube.com/watch?v=45Qh6UXL79c,Collab we never knew we neededğŸ¤©
Drake,THE HEART PART 6 - DRAKE,https://www.youtube.com/watch?v=HJeY-FXidDQ,Canâ€™t believe this beef was half a year ago
Drake,THE HEART PART 6 - DRAKE,https://www.youtube.com/watch?v=HJeY-FXidDQ,This beef will be generational ğŸ˜­
Drake,THE HEART PART 6 - DRAKE,https://www.youtube.com/watch?v=HJeY-FXidDQ,J Cole in Switzerland sun gazing and smelling floribunda roses
Drake,THE HEART PART 6 - DRAKE,https://www.youtube.com/watch?v=HJeY-FXidDQ,All the fucking ghostwriters left after Meet The Grahams
Drake,THE HEART PART 6 - DRAKE,https://www.youtube.com/watch?v=HJeY-FXidDQ,"J Cole probably woke up this morning, stood on his front stoop wearing a bath robe and saying &quot;aaaahhhhh&quot; after taking that first sip of coffee and greeting the neighbors"
Drake,THE HEART PART 6 - DRAKE,https://www.youtube.com/watch?v=HJeY-FXidDQ,This whole beef has been the best part of 2024. They gonna make a movie about this ğŸ˜‚
Drake,THE HEART PART 6 - DRAKE,https://www.youtube.com/watch?v=HJeY-FXidDQ,at this point its a whole collab album between Drake and Kendrick ğŸ˜‚
Drake,THE HEART PART 6 - DRAKE,https://www.youtube.com/watch?v=HJeY-FXidDQ,"<a href=""https://www.youtube.com/watch?v=HJeY-FXidDQ&amp;t=300"">5:00</a> following the &quot;Everything in my shit is facts&quot; with &quot;PROOOOOVE IT&quot; is fucking hilarious"
Drake,THE HEART PART 6 - DRAKE,https://www.youtube.com/watch?v=HJeY-FXidDQ,THESE RAPPERS GOT REACTORS WORKING OVER TIME
Drake,THE HEART PART 6 - DRAKE,https://www.youtube.com/watch?v=HJeY-FXidDQ,J Cole riding his bike through Manhattan listening to Taylor Swift.
Chris Brown,"November 4, 2024",https://www.youtube.com/watch?v=FyhVQGqO6Fc,I see you took a break from your hardworker ğŸ’ªğŸ¾routine.. glad to see you enjoying the family life hardworker â¤ Love you for thatâ—ï¸ğŸ’œ
Chris Brown,"November 4, 2024",https://www.youtube.com/watch?v=FyhVQGqO6Fc,â¤From Massachusetts near Boston I love seeing CHRIS  with his kids just having FUN. SHE GOT SCARED AND HE CARRIED HER OUTğŸ˜Š
Chris Brown,"November 4, 2024",https://www.youtube.com/watch?v=FyhVQGqO6Fc,CB has faced demons â€¦ that manâ€™s not jumping for nada
Chris Brown,"November 4, 2024",https://www.youtube.com/watch?v=FyhVQGqO6Fc,â¤â¤â¤ AWWW BABY GIRL WAS SCARED AND DADDY BREEZY PICKED HER UP . I LOVE IT â¤â¤â¤
Chris Brown,"November 4, 2024",https://www.youtube.com/watch?v=FyhVQGqO6Fc,You and your baby girl â¤â¤ Ro&#39;s laugh is infectious.
Chris Brown,"November 4, 2024",https://www.youtube.com/watch?v=FyhVQGqO6Fc,My Goat being a dad!!!ğŸ”¥ğŸ”¥ğŸ™ŒğŸ¾ğŸ™ŒğŸ¾ğŸ™ŒğŸ¾
Chris Brown,"November 4, 2024",https://www.youtube.com/watch?v=FyhVQGqO6Fc,"Itâ€™s always good to see him take time for family, heâ€™s so consistent â€œCali upâ€"
Chris Brown,"November 4, 2024",https://www.youtube.com/watch?v=FyhVQGqO6Fc,Breezy is a family guyâ¤
Chris Brown,"November 4, 2024",https://www.youtube.com/watch?v=FyhVQGqO6Fc,Awe Chis holding baby girl!
Chris Brown,"November 4, 2024",https://www.youtube.com/watch?v=FyhVQGqO6Fc,Luv seein u wit ur kids Breezy. Roro is so beautiful ğŸ¥°ğŸ¥°ğŸ¥°
Rihanna,"June 13, 2024",https://www.youtube.com/watch?v=6LnhktxkavM,The look on her face when he was interrupting their walk. I can&#39;t with you Robyn. ğŸ˜‚ğŸ˜‚ğŸ˜‚ğŸ¤£ğŸ¤£ğŸ¤­
Rihanna,"June 13, 2024",https://www.youtube.com/watch?v=6LnhktxkavM,She&#39;s so free to be herself and it&#39;s incredible to watch â¤â¤â¤
Rihanna,"June 13, 2024",https://www.youtube.com/watch?v=6LnhktxkavM,I pray whoever eyes see this comment God gives you the strength to over come every battle you&#39;re facing â¤âœ¨ï¸
Rihanna,"June 13, 2024",https://www.youtube.com/watch?v=6LnhktxkavM,Rihanna you are bad azz! To go from singer to SUCCESSFUL businesswoman and now mom! You are truly powerful and inspiring ğŸ’›
Rihanna,"June 13, 2024",https://www.youtube.com/watch?v=6LnhktxkavM,Rhi-Rhi keep a glass ğŸ· in her hand Lol  Luv her! She is so authentic to me!
Rihanna,"June 13, 2024",https://www.youtube.com/watch?v=6LnhktxkavM,I love to see Melissa and Jen right alongside her. Rihanna is a literal boss! Love it! This song is also very appropriateğŸ˜…â¤
Rihanna,"June 13, 2024",https://www.youtube.com/watch?v=6LnhktxkavM,ğŸ«¶ she looks so pretty
Rihanna,"June 13, 2024",https://www.youtube.com/watch?v=6LnhktxkavM,I love how much fun she has with her real friends from day one :)
Rihanna,"June 13, 2024",https://www.youtube.com/watch?v=6LnhktxkavM,"THIS ğŸ‘†ğŸ½ is why people love Robyn Rihanna Fenty! She is for the people, she talks to us, she let&#39;s us see HER! And we stan the Mogul YES ğŸ™ŒğŸ¾"
Rihanna,"June 13, 2024",https://www.youtube.com/watch?v=6LnhktxkavM,"I&#39;m so happy that Rihanna found her own empire, her own family, and you can just see the joy radiating off of her. Proud of you RiRi"
Jake Paul,Today.,https://www.youtube.com/watch?v=EwJ0rEXAmvY,"Imagine a 20-year-old  fighter guy disrespecting a 60-year-old retired fighter, come on man ._."
Jake Paul,Today.,https://www.youtube.com/watch?v=EwJ0rEXAmvY,"Jakes next opponent, the corpse of Muhammed Ali....."
Jake Paul,Today.,https://www.youtube.com/watch?v=EwJ0rEXAmvY,You&#39;re fighting a 60 year old man ğŸ˜‚
Jake Paul,Today.,https://www.youtube.com/watch?v=EwJ0rEXAmvY,Jake Paul choosing someone to fight:<br>Young Professional Boxer: âŒ<br>A 60 year old retired man: âœ…
Jake Paul,Today.,https://www.youtube.com/watch?v=EwJ0rEXAmvY,imagine taunting a 60 year old man who would definitely beat you in his prime
Jake Paul,Today.,https://www.youtube.com/watch?v=EwJ0rEXAmvY,"Congrats, you beat an old man that would have demolished you at your age..."
Jake Paul,Today.,https://www.youtube.com/watch?v=EwJ0rEXAmvY,Never seen someone so happy for an ass whoopin ğŸ˜‚ğŸ˜‚
Jake Paul,Today.,https://www.youtube.com/watch?v=EwJ0rEXAmvY,You knew Mike was really sick and nearly died at the hospital this past summer but still fought him. Feels like elder abuse.
Jake Paul,Today.,https://www.youtube.com/watch?v=EwJ0rEXAmvY,You fought a man who is my grandpa&#39;s age
Jake Paul,Today.,https://www.youtube.com/watch?v=EwJ0rEXAmvY,"Saddest fight in history. Netflix failed completely, Mike took more bites of his glove than throwing punches and Jake even missed the handshake Mike offered at the end.<br><br>A tragedy for everyone"
The Rock,â€œYou look like someone I could loveâ€ ğŸ’ğŸ˜‚,https://www.youtube.com/watch?v=qOXP2vgdFxs,I like the attention you give to people. you have a good heart.  â¤
The Rock,â€œYou look like someone I could loveâ€ ğŸ’ğŸ˜‚,https://www.youtube.com/watch?v=qOXP2vgdFxs,"As busy as you are, you always take the time for your fans that love you so much and you are a wonderful dad and you and your girlfriend have a beautiful family. Keep staying humble and a good example to our children and everyone.  you are a humble gentleman. I enjoy your videos."
The Rock,â€œYou look like someone I could loveâ€ ğŸ’ğŸ˜‚,https://www.youtube.com/watch?v=qOXP2vgdFxs,You are a good man Rock your parents raised you up to be a kind compassionate man. You are humble that&#39;s good.
The Rock,â€œYou look like someone I could loveâ€ ğŸ’ğŸ˜‚,https://www.youtube.com/watch?v=qOXP2vgdFxs,You look like someone I could love â¤ï¸
The Rock,â€œYou look like someone I could loveâ€ ğŸ’ğŸ˜‚,https://www.youtube.com/watch?v=qOXP2vgdFxs,What TF is this got me rolling ğŸ¤£ğŸ¤£ğŸ¤£
The Rock,â€œYou look like someone I could loveâ€ ğŸ’ğŸ˜‚,https://www.youtube.com/watch?v=qOXP2vgdFxs,"The peopleâ€™s champ at work! Now I see why the Rock has that property in Virginia. ğŸ˜‚Got to have a recharge place, â€œMana Ranchâ€ğŸ¤™"
The Rock,â€œYou look like someone I could loveâ€ ğŸ’ğŸ˜‚,https://www.youtube.com/watch?v=qOXP2vgdFxs,You just make ppl happy ğŸ’¯âœŒğŸ¼
The Rock,â€œYou look like someone I could loveâ€ ğŸ’ğŸ˜‚,https://www.youtube.com/watch?v=qOXP2vgdFxs,Im a big fan love you alotâ¤ï¸â¤ï¸â¤ï¸â¤ï¸
The Rock,â€œYou look like someone I could loveâ€ ğŸ’ğŸ˜‚,https://www.youtube.com/watch?v=qOXP2vgdFxs,The Rock jetzt liebe ich ihre Art noch mehr toller Mensch und the best Schauspieler â¤â¤â¤
The Rock,â€œYou look like someone I could loveâ€ ğŸ’ğŸ˜‚,https://www.youtube.com/watch?v=qOXP2vgdFxs,&quot;The Rock&quot; ğŸ‘ˆ It&#39;s not just a name it&#39;s a brand. Love from Indian â¤ï¸â¤ï¸â¤ï¸â¤ï¸â¤ï¸
Justin Bieber,Drew House TOKYO #shorts,https://www.youtube.com/watch?v=z5AIMF1BjOE,JUSTICE FOR JUSTIN BIEBER ğŸ—£ï¸ğŸ—£ï¸ğŸ—£ï¸ğŸ—£ï¸ğŸ—£ï¸
Justin Bieber,Drew House TOKYO #shorts,https://www.youtube.com/watch?v=z5AIMF1BjOE,"GOD I MISS HIS 2016 SONGS SO MUCHğŸ«¶ğŸ½ğŸ˜­ğŸ˜­ğŸ˜­ğŸ˜­my cousins and i grew up listening to him. &lt;3<br>Have a good life, Justin. We love you."
Justin Bieber,Drew House TOKYO #shorts,https://www.youtube.com/watch?v=z5AIMF1BjOE,Heâ€™s such a nice person ğŸ¥º
Justin Bieber,Drew House TOKYO #shorts,https://www.youtube.com/watch?v=z5AIMF1BjOE,GOD BLESS JUSTIN BIEBER â¤<br>KEEP HIM SAFE IN THIS DARK TIME â¤
Justin Bieber,Drew House TOKYO #shorts,https://www.youtube.com/watch?v=z5AIMF1BjOE,we miss that 2010&#39;s justin
Justin Bieber,Drew House TOKYO #shorts,https://www.youtube.com/watch?v=z5AIMF1BjOE,Justin truly is a kind hearted person and deserves everything he gets
Justin Bieber,Drew House TOKYO #shorts,https://www.youtube.com/watch?v=z5AIMF1BjOE,"Am so proud of you..used your fame to help other young men n women that went threw the same situation...take your power back.your are a <a href=""http://hero.you/"">hero.you</a> are the voice of the young people...let them know threw your fame you are strong"
Justin Bieber,Drew House TOKYO #shorts,https://www.youtube.com/watch?v=z5AIMF1BjOE,Are you alive
Justin Bieber,Drew House TOKYO #shorts,https://www.youtube.com/watch?v=z5AIMF1BjOE,â€œThe voice inside my yaaaaadâ€ - Tom Delonge ğŸ¤˜ğŸ»
Justin Bieber,Drew House TOKYO #shorts,https://www.youtube.com/watch?v=z5AIMF1BjOE,JB PLEASE WE WANT DREW HOUSE IN INDIA. ğŸ¥ºğŸ’š
Ariana Grande,Sympathy is a knife remix out now ğŸ’š â™¡ @officialcharlixcx,https://www.youtube.com/watch?v=NNuB4uNS_ms,the fact that no one imagined this coming ğŸ˜­ğŸ˜­ğŸ˜­ğŸ˜­
Ariana Grande,Sympathy is a knife remix out now ğŸ’š â™¡ @officialcharlixcx,https://www.youtube.com/watch?v=NNuB4uNS_ms,Pink goes good with green ğŸ’šğŸ©·
Ariana Grande,Sympathy is a knife remix out now ğŸ’š â™¡ @officialcharlixcx,https://www.youtube.com/watch?v=NNuB4uNS_ms,&quot;WHEN YOU&#39;RE SO PRETTY THEY THINK IT MUST BE FAKE&quot; ğŸ”¥ğŸ”¥ğŸ”¥<br>SHE REALLY CAME WITH A KNIFE AND FIRE ON HER EYES!!!!!!!
Ariana Grande,Sympathy is a knife remix out now ğŸ’š â™¡ @officialcharlixcx,https://www.youtube.com/watch?v=NNuB4uNS_ms,&quot;It&#39;s a knife when you&#39;re so pretty they think it must be fake&quot; is my fav line
Ariana Grande,Sympathy is a knife remix out now ğŸ’š â™¡ @officialcharlixcx,https://www.youtube.com/watch?v=NNuB4uNS_ms,BRATIANA IS HERE!!! ğŸ’šğŸ¥¹ğŸ«§
Ariana Grande,Sympathy is a knife remix out now ğŸ’š â™¡ @officialcharlixcx,https://www.youtube.com/watch?v=NNuB4uNS_ms,&quot;it&#39;s a knife when the mean fans hate the nice fans&quot;  DO U HEAR THAT U?YOUTUBE PEOPLE?! MOTHER ATE!!!
Ariana Grande,Sympathy is a knife remix out now ğŸ’š â™¡ @officialcharlixcx,https://www.youtube.com/watch?v=NNuB4uNS_ms,These lyrics are ICONIC your vocals everything YOUR AN ICON
Ariana Grande,Sympathy is a knife remix out now ğŸ’š â™¡ @officialcharlixcx,https://www.youtube.com/watch?v=NNuB4uNS_ms,ARI REALLY CALLED THE HATERS ğŸ˜­ğŸ˜­
Ariana Grande,Sympathy is a knife remix out now ğŸ’š â™¡ @officialcharlixcx,https://www.youtube.com/watch?v=NNuB4uNS_ms,â€œwhen youâ€™re so pretty they think it must be fakeâ€ OH SHE ATE YALL UP N DOWNNN
Ariana Grande,Sympathy is a knife remix out now ğŸ’š â™¡ @officialcharlixcx,https://www.youtube.com/watch?v=NNuB4uNS_ms,&quot;it&#39;s a knife when you&#39;re so pretty they think it must be fake&quot; ğŸ˜‚ğŸ˜‚ a brilliant clapback!
Diddy,The Love Album: Off The Grid Out Now,https://www.youtube.com/watch?v=2dfiFKdOfCI,WE FINALLY GETTING ARRESTED WITH THIS ONE ğŸ”¥ğŸ”¥ğŸ”¥â€¼ï¸â€¼ï¸â€¼ï¸â€¼ï¸ğŸ—£ï¸ğŸ—£ï¸ğŸ—£ï¸ğŸ—£ï¸
Diddy,The Love Album: Off The Grid Out Now,https://www.youtube.com/watch?v=2dfiFKdOfCI,"DIDDY SPITS BARS, HE BEHIND EM NOW  â€¼ï¸â€¼ï¸ ğŸ”¥ğŸ”¥ğŸ”¥ ğŸ—£ï¸ğŸ—£ï¸ğŸ—£ï¸"
Diddy,The Love Album: Off The Grid Out Now,https://www.youtube.com/watch?v=2dfiFKdOfCI,"First Diddy was spitting bars now heâ€™s behind them. Which is why, THEM BARS GOING BACK IN THAT MOUTH! ğŸ—£ï¸ğŸ—£ï¸ğŸ—£ï¸ğŸ—£ï¸ğŸ—£ï¸ğŸ”¥ğŸ”¥ğŸ”¥ğŸ”¥"
Diddy,The Love Album: Off The Grid Out Now,https://www.youtube.com/watch?v=2dfiFKdOfCI,WE GETTING SENTENCED TO LIFE WITH THIS ONE ğŸ”¥ğŸ”¥ğŸ—£ï¸ğŸ—£ï¸ğŸ’¯ğŸ”¥ğŸ—£ï¸ğŸ’¯ğŸ’¯
Diddy,The Love Album: Off The Grid Out Now,https://www.youtube.com/watch?v=2dfiFKdOfCI,WE NOT BEATING THE ALLEGATIONS WITH THIS ONE ğŸ—£ï¸ğŸ”¥ğŸ—£ï¸ğŸ”¥
Diddy,The Love Album: Off The Grid Out Now,https://www.youtube.com/watch?v=2dfiFKdOfCI,Bro went from P Diddy to P Diddler ğŸ’€ğŸ¤£
Diddy,The Love Album: Off The Grid Out Now,https://www.youtube.com/watch?v=2dfiFKdOfCI,Talking about deep and going hard is crazy Diddler ğŸ¤£ğŸ¤£ğŸ’€ğŸ¤£ğŸ’€
Diddy,The Love Album: Off The Grid Out Now,https://www.youtube.com/watch?v=2dfiFKdOfCI,No one: why did you move to LA?<br>Diddy: kids
Diddy,The Love Album: Off The Grid Out Now,https://www.youtube.com/watch?v=2dfiFKdOfCI,It Should Be Called The Grandpa Freak Off Album ğŸ’¿ğŸ’…ğŸ½ğŸ¤£ğŸ¤®ğŸ¤¦ğŸ½â€â™€ï¸
Diddy,The Love Album: Off The Grid Out Now,https://www.youtube.com/watch?v=2dfiFKdOfCI,HE WAS WEIRD HE WAS TRYNA TOUCH ME ğŸ—£ï¸ğŸ”¥ğŸ”¥ğŸ”¥ğŸ”¥ğŸ”¥ğŸ”¥ğŸ”¥
Will Smith,Look ğŸ†™,https://www.youtube.com/watch?v=qa5E_xJyrFg,"As an older Black woman, I am very proud of you. Stay true to yourself always. Oh yeah, this is hot! â¤"
Will Smith,Look ğŸ†™,https://www.youtube.com/watch?v=qa5E_xJyrFg,ğŸ”¥ğŸ”¥ğŸ”¥I see you Will!! Evolution is the name of the game
Will Smith,Look ğŸ†™,https://www.youtube.com/watch?v=qa5E_xJyrFg,Will&#39;s flow is fire ğŸ”¥ğŸ”¥ğŸ”¥ğŸ”¥ğŸ”¥
Will Smith,Look ğŸ†™,https://www.youtube.com/watch?v=qa5E_xJyrFg,The Fresh Prince is BackğŸ¥‚ğŸ†ğŸ‘‘ğŸ’¯
Will Smith,Look ğŸ†™,https://www.youtube.com/watch?v=qa5E_xJyrFg,Love Will Smith â¤â¤ ğŸ”¥ğŸ”¥ He is multi-talented. Movies ğŸ¥ on fire and Music ğŸµ on fire. Go Big Willy.
Will Smith,Look ğŸ†™,https://www.youtube.com/watch?v=qa5E_xJyrFg,Unleash the alter ego ğŸ˜ˆ
Will Smith,Look ğŸ†™,https://www.youtube.com/watch?v=qa5E_xJyrFg,Always love whatever Will does ğŸ’—
Will Smith,Look ğŸ†™,https://www.youtube.com/watch?v=qa5E_xJyrFg,The king is back look out â˜„ï¸ğŸ”¥ğŸ”¥ğŸ‘ŠğŸ¾
Will Smith,Look ğŸ†™,https://www.youtube.com/watch?v=qa5E_xJyrFg,Nice video goes with the songâ€¦ enjoying life big life!!! Nice
Will Smith,Look ğŸ†™,https://www.youtube.com/watch?v=qa5E_xJyrFg,Big Will ğŸ™ŒğŸ½ğŸ‘ğŸ½ğŸ‘ğŸ½ğŸ‘ğŸ½ğŸ‘ğŸ½ğŸ‘ğŸ½
Kanye West,YE TY$  KOREA,https://www.youtube.com/watch?v=pfg7V-S2dL4,"VULTURES 1<br><a href=""https://www.youtube.com/watch?v=pfg7V-S2dL4&amp;t=329"">5:29</a> - STARS<br><a href=""https://www.youtube.com/watch?v=pfg7V-S2dL4&amp;t=448"">7:28</a> - PAID<br><a href=""https://www.youtube.com/watch?v=pfg7V-S2dL4&amp;t=603"">10:03</a> - TALKING<br><a href=""https://www.youtube.com/watch?v=pfg7V-S2dL4&amp;t=695"">11:35</a> - EVERYBODY<br><a href=""https://www.youtube.com/watch?v=pfg7V-S2dL4&amp;t=884"">14:44</a> - BACK TO ME<br><a href=""https://www.youtube.com/watch?v=pfg7V-S2dL4&amp;t=1019"">16:59</a> - DO IT<br><a href=""https://www.youtube.com/watch?v=pfg7V-S2dL4&amp;t=1172"">19:32</a> - BURN<br><a href=""https://www.youtube.com/watch?v=pfg7V-S2dL4&amp;t=1293"">21:33</a> - FUK SUMN<br><a href=""https://www.youtube.com/watch?v=pfg7V-S2dL4&amp;t=1386"">23:06</a> - CARNIVAL<br><br><a href=""https://www.youtube.com/watch?v=pfg7V-S2dL4&amp;t=1658"">27:38</a> - Runaway second note<br><a href=""https://www.youtube.com/watch?v=pfg7V-S2dL4&amp;t=1677"">27:57</a> - Runaway first note<br><br>VULTURES 2<br><a href=""https://www.youtube.com/watch?v=pfg7V-S2dL4&amp;t=1693"">28:13</a> - SLIDE<br><a href=""https://www.youtube.com/watch?v=pfg7V-S2dL4&amp;t=1879"">31:19</a> - FIELD TRIP<br><a href=""https://www.youtube.com/watch?v=pfg7V-S2dL4&amp;t=2073"">34:33</a> - Runaway first note<br><a href=""https://www.youtube.com/watch?v=pfg7V-S2dL4&amp;t=2078"">34:38</a> - FRIED<br><a href=""https://www.youtube.com/watch?v=pfg7V-S2dL4&amp;t=2257"">37:37</a> - PROMOTION<br><a href=""https://www.youtube.com/watch?v=pfg7V-S2dL4&amp;t=2394"">39:54</a> - 530<br><a href=""https://www.youtube.com/watch?v=pfg7V-S2dL4&amp;t=2709"">45:09</a> - DEAD<br><a href=""https://www.youtube.com/watch?v=pfg7V-S2dL4&amp;t=2925"">48:45</a> - FOREVER ROLLING<br><a href=""https://www.youtube.com/watch?v=pfg7V-S2dL4&amp;t=3135"">52:15</a> - BOMB (ft yuno miles)<br><a href=""https://www.youtube.com/watch?v=pfg7V-S2dL4&amp;t=3309"">55:09</a> - RIVER<br><a href=""https://www.youtube.com/watch?v=pfg7V-S2dL4&amp;t=3535"">58:55</a> - LIFESTYLE<br><a href=""https://www.youtube.com/watch?v=pfg7V-S2dL4&amp;t=3749"">1:02:29</a> - SKY CITY<br><br><a href=""https://www.youtube.com/watch?v=pfg7V-S2dL4&amp;t=4045"">1:07:25</a> - <a href=""https://www.youtube.com/watch?v=pfg7V-S2dL4&amp;t=4338"">1:12:18</a> - Runaway tease<br><a href=""https://www.youtube.com/watch?v=pfg7V-S2dL4&amp;t=4395"">1:13:15</a> - Ye returns with mic<br><br>The College Dropout<br><a href=""https://www.youtube.com/watch?v=pfg7V-S2dL4&amp;t=4437"">1:13:57</a> - All Falls Down<br><a href=""https://www.youtube.com/watch?v=pfg7V-S2dL4&amp;t=4517"">1:15:17</a> - Jesus Walks<br><a href=""https://www.youtube.com/watch?v=pfg7V-S2dL4&amp;t=4599"">1:16:39</a> - Through The Wire<br><br>Late Registration<br><a href=""https://www.youtube.com/watch?v=pfg7V-S2dL4&amp;t=4637"">1:17:17</a> - Hey Mama<br><a href=""https://www.youtube.com/watch?v=pfg7V-S2dL4&amp;t=4671"">1:17:51</a> - Heard &#39;Em Say<br><a href=""https://www.youtube.com/watch?v=pfg7V-S2dL4&amp;t=4703"">1:18:23</a> - Touch The Sky<br><a href=""https://www.youtube.com/watch?v=pfg7V-S2dL4&amp;t=4761"">1:19:21</a> - Gold Digger<br><a href=""https://www.youtube.com/watch?v=pfg7V-S2dL4&amp;t=4809"">1:20:09</a> - Diamonds<br><a href=""https://www.youtube.com/watch?v=pfg7V-S2dL4&amp;t=4867"">1:21:07</a> - Late<br><br>Graduation <br><a href=""https://www.youtube.com/watch?v=pfg7V-S2dL4&amp;t=4900"">1:21:40</a> - Good Morning<br><a href=""https://www.youtube.com/watch?v=pfg7V-S2dL4&amp;t=4936"">1:22:16</a> - Stronger<br><a href=""https://www.youtube.com/watch?v=pfg7V-S2dL4&amp;t=5034"">1:23:54</a> - I Wonder<br><a href=""https://www.youtube.com/watch?v=pfg7V-S2dL4&amp;t=5131"">1:25:31</a> - Good Life<br><a href=""https://www.youtube.com/watch?v=pfg7V-S2dL4&amp;t=5152"">1:25:52</a> - &quot;FUK Adidas&quot;<br><a href=""https://www.youtube.com/watch?v=pfg7V-S2dL4&amp;t=5170"">1:26:10</a> - Can&#39;t Tell Me Nothing<br><a href=""https://www.youtube.com/watch?v=pfg7V-S2dL4&amp;t=5250"">1:27:30</a>- Flashing Lights<br><a href=""https://www.youtube.com/watch?v=pfg7V-S2dL4&amp;t=5294"">1:28:14</a> - Homecoming<br><br>808s &amp; Heartbreak<br><a href=""https://www.youtube.com/watch?v=pfg7V-S2dL4&amp;t=5373"">1:29:33</a> - Heartless<br><br><a href=""https://www.youtube.com/watch?v=pfg7V-S2dL4&amp;t=5403"">1:30:03</a> - Run This Town<br><br>My Beautiful Dark Twisted Fantasy<br><a href=""https://www.youtube.com/watch?v=pfg7V-S2dL4&amp;t=5437"">1:30:37</a> - POWER<br><a href=""https://www.youtube.com/watch?v=pfg7V-S2dL4&amp;t=5475"">1:31:15</a> - All Of The Lights<br><a href=""https://www.youtube.com/watch?v=pfg7V-S2dL4&amp;t=5530"">1:32:10</a> - Monster<br><a href=""https://www.youtube.com/watch?v=pfg7V-S2dL4&amp;t=5586"">1:33:06</a> - Devil In A New Dress<br><a href=""https://www.youtube.com/watch?v=pfg7V-S2dL4&amp;t=5634"">1:33:54</a>- Runaway<br><a href=""https://www.youtube.com/watch?v=pfg7V-S2dL4&amp;t=5747"">1:35:47</a> - Hell Of A Life<br><br>Cruel Summer<br><a href=""https://www.youtube.com/watch?v=pfg7V-S2dL4&amp;t=5775"">1:36:15</a> - Mercy<br><a href=""https://www.youtube.com/watch?v=pfg7V-S2dL4&amp;t=5817"">1:36:57</a> - Clique<br><br>Yeezus<br><a href=""https://www.youtube.com/watch?v=pfg7V-S2dL4&amp;t=5864"">1:37:44</a> - On Sight<br><a href=""https://www.youtube.com/watch?v=pfg7V-S2dL4&amp;t=5960"">1:39:20</a> - Black Skinhead<br><a href=""https://www.youtube.com/watch?v=pfg7V-S2dL4&amp;t=6003"">1:40:03</a> - New Slaves<br><a href=""https://www.youtube.com/watch?v=pfg7V-S2dL4&amp;t=6043"">1:40:43</a> - Blood On The Leaves<br><a href=""https://www.youtube.com/watch?v=pfg7V-S2dL4&amp;t=6162"">1:42:42</a> - Bound 2<br><br>Watch The Throne<br><a href=""https://www.youtube.com/watch?v=pfg7V-S2dL4&amp;t=6213"">1:43:33</a> - No Church In The Wild<br><a href=""https://www.youtube.com/watch?v=pfg7V-S2dL4&amp;t=6253"">1:44:13</a> - Ni**as In Paris<br><a href=""https://www.youtube.com/watch?v=pfg7V-S2dL4&amp;t=6357"">1:45:57</a> - Otis<br><br><a href=""https://www.youtube.com/watch?v=pfg7V-S2dL4&amp;t=6439"">1:47:19</a> - All Day<br><a href=""https://www.youtube.com/watch?v=pfg7V-S2dL4&amp;t=6486"">1:48:06</a> - Only One<br><a href=""https://www.youtube.com/watch?v=pfg7V-S2dL4&amp;t=6577"">1:49:37</a> - FourFiveSeconds<br><br>The Life Of Pablo<br><a href=""https://www.youtube.com/watch?v=pfg7V-S2dL4&amp;t=6662"">1:51:02</a> - Ultralight Beam<br><a href=""https://www.youtube.com/watch?v=pfg7V-S2dL4&amp;t=6697"">1:51:37</a> - Father Stretch My Hands Pt.1<br><a href=""https://www.youtube.com/watch?v=pfg7V-S2dL4&amp;t=6764"">1:52:44</a> - Famous<br><a href=""https://www.youtube.com/watch?v=pfg7V-S2dL4&amp;t=6819"">1:53:39</a> - Wolves <br><a href=""https://www.youtube.com/watch?v=pfg7V-S2dL4&amp;t=6864"">1:54:24</a>- Fade<br><br>ye<br><a href=""https://www.youtube.com/watch?v=pfg7V-S2dL4&amp;t=7057"">1:57:37</a> - Yikes<br><a href=""https://www.youtube.com/watch?v=pfg7V-S2dL4&amp;t=7093"">1:58:13</a> - All Mine<br><a href=""https://www.youtube.com/watch?v=pfg7V-S2dL4&amp;t=7141"">1:59:01</a> - Ghost Town<br><a href=""https://www.youtube.com/watch?v=pfg7V-S2dL4&amp;t=7261"">2:01:01</a> - Violent Crimes<br><br>KIDS SEE GHOSTS<br><a href=""https://www.youtube.com/watch?v=pfg7V-S2dL4&amp;t=7331"">2:02:11</a> - Feel The Love<br><a href=""https://www.youtube.com/watch?v=pfg7V-S2dL4&amp;t=7337"">2:02:17</a> - Cut it?<br><br>Donda<br><a href=""https://www.youtube.com/watch?v=pfg7V-S2dL4&amp;t=7450"">2:04:10</a> - Hurricane<br><a href=""https://www.youtube.com/watch?v=pfg7V-S2dL4&amp;t=7504"">2:05:04</a> - Moon<br><a href=""https://www.youtube.com/watch?v=pfg7V-S2dL4&amp;t=7657"">2:07:37</a>- Off The Grid<br><a href=""https://www.youtube.com/watch?v=pfg7V-S2dL4&amp;t=7758"">2:09:18</a> - Jail<br><a href=""https://www.youtube.com/watch?v=pfg7V-S2dL4&amp;t=7848"">2:10:48</a> - Praise God<br><a href=""https://www.youtube.com/watch?v=pfg7V-S2dL4&amp;t=7921"">2:12:01</a> - Come To Life<br><a href=""https://www.youtube.com/watch?v=pfg7V-S2dL4&amp;t=7978"">2:12:58</a> - 24"
Kanye West,YE TY$  KOREA,https://www.youtube.com/watch?v=pfg7V-S2dL4,"Iâ€™m Korean, and my biggest dream was to see YE perform live, but I never thought it would actually happen. When I found out he was coming to Korea, I bought a ticket right away. I was so hyped I couldnâ€™t even sleep, and after going to the listening party in Goyang, it honestly felt like Iâ€™d been to heaven. I was beyond happy, and Iâ€™m so thankful to YE and Ty$. YE, youâ€™re my hero. Your music has gotten me through so much and has given me so much confidence. I wouldnâ€™t be where I am today without it. I love you, and I hope you stay healthy for a long time. Iâ€™ll never forget the show in Korea. I even got YouTube Premium just so I could watch this video whenever I&#39;m going through tough times. Thank you for everything!â¤ï¸â¤ï¸â¤ï¸â¤ï¸â¤ï¸ğŸğŸğŸğŸğŸğŸ¤ğŸ¤ğŸ¤"
Kanye West,YE TY$  KOREA,https://www.youtube.com/watch?v=pfg7V-S2dL4,Edging an entire stadium with just one key is something only Ye can do.
Kanye West,YE TY$  KOREA,https://www.youtube.com/watch?v=pfg7V-S2dL4,ì–¼ë§ˆë‚˜ ì¢‹ì•˜ê±´ê±°ì•¼..<br>ì´ê±¸ í’€ë¡œ ì˜¬ë¦¬ë„¤ ã„·ã„·<br>ê°€ë”ì€ ê¿ˆê°™ì€ ì¼ì´ ìƒê¸°ëŠ”êµ¬ë‚˜
Kanye West,YE TY$  KOREA,https://www.youtube.com/watch?v=pfg7V-S2dL4,í•œ ìˆœê°„ì˜ ê¸°ì–µìœ¼ë¡œ í‰ìƒì„ ì‚¬ëŠ” ì‚¬ëŒë“¤ì´ ìˆìŠµë‹ˆë‹¤
Kanye West,YE TY$  KOREA,https://www.youtube.com/watch?v=pfg7V-S2dL4,Imagine that at Kendrick Lamar&#39;s halftime show No More Parties in L.A starts playing and Ye comes out (I&#39;m delusional)
Kanye West,YE TY$  KOREA,https://www.youtube.com/watch?v=pfg7V-S2dL4,Koreans officially have the best crowd energy in the world. Sheeesh ğŸ˜®
Kanye West,YE TY$  KOREA,https://www.youtube.com/watch?v=pfg7V-S2dL4,"To everyone who are not Korean. This was not a concert, it was a listerning party, kanye was not there to perform, but he did. Koreans were very surprised."
Kanye West,YE TY$  KOREA,https://www.youtube.com/watch?v=pfg7V-S2dL4,ê³ ì–‘ì¢…í•©ìš´ë™ì¥ì—ì„œ ë§Œë‚¬ë˜ ì¹¸ì˜ˆì•¼ ë‚œ ì•„ì§ë„ ëŸ°ì–´ì›¨ì´ ì „ì£¼ë¥¼ ë“¤ìœ¼ë©° ëˆˆë¬¼ì„ í˜ë ¤ ì œë°œ ëŒì•„ì™€
Kanye West,YE TY$  KOREA,https://www.youtube.com/watch?v=pfg7V-S2dL4,He&#39;s just made so much good music it&#39;s hard to believe the sheer quantity of hits
